{"cameraMode":{"drawMode":0,"name":"Shaded","section":"Shading Mode"},"sceneLighting":false,"audioPlay":false,"sceneViewState":{"showFog":true,"showMaterialUpdate":false,"showSkybox":false,"showFlares":true,"showImageEffects":true,"showParticleSystems":true},"in2DMode":false,"pivot":{"x":0.11302804946899414,"y":2.8206400871276857,"z":-0.01086890697479248},"rotation":{"x":0.23001764714717866,"y":-0.17034125328063966,"z":0.04092966020107269,"w":0.9572880864143372},"size":13.566058158874512,"orthographic":false}