{"cameraMode":{"drawMode":0,"name":"Shaded","section":"Shading Mode"},"sceneLighting":false,"audioPlay":false,"sceneViewState":{"showFog":true,"showMaterialUpdate":false,"showSkybox":false,"showFlares":true,"showImageEffects":true,"showParticleSystems":true},"in2DMode":false,"pivot":{"x":-0.46175384521484377,"y":2.8574280738830568,"z":-0.0660853385925293},"rotation":{"x":0.23001764714717866,"y":-0.17034125328063966,"z":0.04092966020107269,"w":0.9572880864143372},"size":14.817511558532715,"orthographic":false}