{"cameraMode":{"drawMode":0,"name":"Shaded","section":"Shading Mode"},"sceneLighting":false,"audioPlay":false,"sceneViewState":{"showFog":true,"showMaterialUpdate":false,"showSkybox":false,"showFlares":true,"showImageEffects":true,"showParticleSystems":true},"in2DMode":false,"pivot":{"x":0.10311317443847656,"y":2.9366278648376467,"z":-0.22475767135620118},"rotation":{"x":0.23001764714717866,"y":-0.17034125328063966,"z":0.04092966020107269,"w":0.9572880864143372},"size":13.378081321716309,"orthographic":false}