{"cameraMode":{"drawMode":0,"name":"Shaded","section":"Shading Mode"},"sceneLighting":true,"audioPlay":false,"sceneViewState":{"showFog":true,"showMaterialUpdate":true,"showSkybox":true,"showFlares":true,"showImageEffects":true,"showParticleSystems":true},"in2DMode":false,"pivot":{"x":-7.943073272705078,"y":20.207366943359376,"z":12.22934627532959},"rotation":{"x":-0.3331470489501953,"y":0.06583850085735321,"z":-0.02333996444940567,"w":-0.9403001666069031},"size":24.872167587280275,"orthographic":false}