{"cameraMode":{"drawMode":0,"name":"Shaded","section":"Shading Mode"},"sceneLighting":false,"audioPlay":false,"sceneViewState":{"showFog":true,"showMaterialUpdate":false,"showSkybox":false,"showFlares":true,"showImageEffects":true,"showParticleSystems":true},"in2DMode":false,"pivot":{"x":-0.07769715785980225,"y":0.940526008605957,"z":-0.1709321141242981},"rotation":{"x":0.23001764714717866,"y":-0.17034125328063966,"z":0.04092966020107269,"w":0.9572880864143372},"size":4.87888765335083,"orthographic":false}