{"cameraMode":{"drawMode":0,"name":"Shaded","section":"Shading Mode"},"sceneLighting":false,"audioPlay":false,"sceneViewState":{"showFog":true,"showMaterialUpdate":false,"showSkybox":false,"showFlares":true,"showImageEffects":true,"showParticleSystems":true},"in2DMode":false,"pivot":{"x":0.31328028440475466,"y":0.4339085817337036,"z":0.025076866149902345},"rotation":{"x":0.005533658899366856,"y":0.9892678260803223,"z":-0.1407322734594345,"w":0.03889716789126396},"size":22.0,"orthographic":false}