{"cameraMode":{"drawMode":0,"name":"Shaded","section":"Shading Mode"},"sceneLighting":false,"audioPlay":false,"sceneViewState":{"showFog":true,"showMaterialUpdate":false,"showSkybox":false,"showFlares":true,"showImageEffects":true,"showParticleSystems":true},"in2DMode":false,"pivot":{"x":0.0,"y":1.745142936706543,"z":5.960464477539063e-8},"rotation":{"x":0.23001764714717866,"y":-0.17034125328063966,"z":0.04092966020107269,"w":0.9572880864143372},"size":7.106810092926025,"orthographic":false}